"DP","ALT","VAF"
102,43,0.4215686274509804
103,50,0.4854368932038835
94,55,0.5851063829787234
105,59,0.5619047619047619
103,63,0.6116504854368932
110,46,0.41818181818181815
108,45,0.4166666666666667
97,50,0.5154639175257731
113,66,0.584070796460177
112,57,0.5089285714285714
102,52,0.5098039215686274
105,61,0.580952380952381
110,67,0.6090909090909091
77,48,0.6233766233766234
102,41,0.4019607843137255
101,68,0.6732673267326733
101,52,0.5148514851485149
92,38,0.41304347826086957
100,54,0.54
99,31,0.31313131313131315
101,49,0.48514851485148514
119,58,0.48739495798319327
112,47,0.41964285714285715
95,44,0.4631578947368421
97,50,0.5154639175257731
96,43,0.4479166666666667
110,67,0.6090909090909091
107,58,0.5420560747663551
108,51,0.4722222222222222
102,51,0.5
97,53,0.5463917525773195
121,69,0.5702479338842975
99,53,0.5353535353535354
113,74,0.6548672566371682
87,47,0.5402298850574713
108,44,0.4074074074074074
89,59,0.6629213483146067
88,42,0.4772727272727273
98,50,0.5102040816326531
98,53,0.5408163265306123
120,58,0.48333333333333334
78,40,0.5128205128205128
108,67,0.6203703703703703
88,40,0.45454545454545453
96,37,0.3854166666666667
104,49,0.47115384615384615
107,30,0.2803738317757009
99,51,0.5151515151515151
110,63,0.5727272727272728
94,36,0.3829787234042553
99,54,0.5454545454545454
92,39,0.42391304347826086
97,54,0.5567010309278351
94,52,0.5531914893617021
84,29,0.34523809523809523
91,48,0.5274725274725275
108,69,0.6388888888888888
97,52,0.5360824742268041
77,45,0.5844155844155844
102,52,0.5098039215686274
99,53,0.5353535353535354
97,65,0.6701030927835051
100,36,0.36
103,46,0.44660194174757284
103,40,0.3883495145631068
112,50,0.44642857142857145
85,31,0.36470588235294116
108,66,0.6111111111111112
102,36,0.35294117647058826
89,49,0.550561797752809
95,32,0.3368421052631579
97,43,0.44329896907216493
101,40,0.39603960396039606
97,35,0.36082474226804123
87,48,0.5517241379310345
82,50,0.6097560975609756
80,39,0.4875
118,67,0.5677966101694916
97,50,0.5154639175257731
96,51,0.53125
93,35,0.3763440860215054
110,63,0.5727272727272728
102,39,0.38235294117647056
108,65,0.6018518518518519
104,58,0.5576923076923077
107,58,0.5420560747663551
102,43,0.4215686274509804
95,41,0.43157894736842106
100,60,0.6
96,53,0.5520833333333334
100,51,0.51
72,43,0.5972222222222222
80,34,0.425
109,51,0.46788990825688076
87,38,0.4367816091954023
107,55,0.514018691588785
100,28,0.28
95,51,0.5368421052631579
93,36,0.3870967741935484
103,66,0.6407766990291263
111,58,0.5225225225225225
90,40,0.4444444444444444
112,53,0.4732142857142857
93,65,0.6989247311827957
122,65,0.5327868852459017
111,61,0.5495495495495496
99,55,0.5555555555555556
108,62,0.5740740740740741
102,50,0.49019607843137253
111,37,0.3333333333333333
112,46,0.4107142857142857
89,60,0.6741573033707865
91,57,0.6263736263736264
102,54,0.5294117647058824
89,50,0.5617977528089888
104,61,0.5865384615384616
119,71,0.5966386554621849
112,61,0.5446428571428571
91,38,0.4175824175824176
109,59,0.5412844036697247
110,40,0.36363636363636365
113,58,0.5132743362831859
99,48,0.48484848484848486
109,44,0.4036697247706422
92,55,0.5978260869565217
99,56,0.5656565656565656
107,41,0.38317757009345793
94,51,0.5425531914893617
105,53,0.5047619047619047
111,58,0.5225225225225225
105,63,0.6
115,78,0.6782608695652174
104,46,0.4423076923076923
101,52,0.5148514851485149
81,49,0.6049382716049383
93,53,0.5698924731182796
104,56,0.5384615384615384
118,70,0.5932203389830508
85,50,0.5882352941176471
81,39,0.48148148148148145
103,44,0.42718446601941745
83,38,0.4578313253012048
102,52,0.5098039215686274
112,54,0.48214285714285715
95,44,0.4631578947368421
94,47,0.5
108,66,0.6111111111111112
88,39,0.4431818181818182
99,45,0.45454545454545453
89,40,0.449438202247191
91,49,0.5384615384615384
100,54,0.54
88,36,0.4090909090909091
90,40,0.4444444444444444
109,55,0.5045871559633027
83,46,0.5542168674698795
99,53,0.5353535353535354
97,47,0.4845360824742268
110,60,0.5454545454545454
101,57,0.5643564356435643
112,57,0.5089285714285714
101,53,0.5247524752475248
83,39,0.46987951807228917
88,56,0.6363636363636364
89,36,0.4044943820224719
119,74,0.6218487394957983
103,54,0.5242718446601942
112,49,0.4375
75,36,0.48
96,61,0.6354166666666666
107,46,0.42990654205607476
121,66,0.5454545454545454
114,49,0.4298245614035088
111,59,0.5315315315315315
101,53,0.5247524752475248
91,37,0.4065934065934066
89,36,0.4044943820224719
98,36,0.3673469387755102
96,47,0.4895833333333333
97,57,0.5876288659793815
94,51,0.5425531914893617
92,44,0.4782608695652174
100,57,0.57
107,59,0.5514018691588785
80,46,0.575
107,65,0.6074766355140186
94,35,0.3723404255319149
86,53,0.6162790697674418
96,53,0.5520833333333334
92,41,0.44565217391304346
106,58,0.5471698113207547
100,50,0.5
110,76,0.6909090909090909
95,35,0.3684210526315789
113,59,0.5221238938053098
104,52,0.5
99,45,0.45454545454545453
103,58,0.5631067961165048
111,38,0.34234234234234234
92,27,0.29347826086956524
109,52,0.47706422018348627
96,53,0.5520833333333334
114,43,0.37719298245614036
90,50,0.5555555555555556
93,32,0.34408602150537637
102,52,0.5098039215686274
103,57,0.5533980582524272
101,57,0.5643564356435643
91,36,0.3956043956043956
92,39,0.42391304347826086
90,45,0.5
104,44,0.4230769230769231
66,46,0.696969696969697
97,56,0.5773195876288659
104,47,0.4519230769230769
78,45,0.5769230769230769
101,62,0.6138613861386139
86,34,0.3953488372093023
114,73,0.6403508771929824
91,49,0.5384615384615384
113,60,0.5309734513274337
103,57,0.5533980582524272
101,51,0.504950495049505
107,58,0.5420560747663551
98,44,0.4489795918367347
97,36,0.3711340206185567
93,47,0.5053763440860215
109,65,0.5963302752293578
85,42,0.49411764705882355
96,63,0.65625
104,46,0.4423076923076923
104,39,0.375
125,80,0.64
88,44,0.5
107,38,0.35514018691588783
108,60,0.5555555555555556
100,40,0.4
108,60,0.5555555555555556
103,50,0.4854368932038835
118,58,0.4915254237288136
98,41,0.41836734693877553
107,54,0.5046728971962616
86,33,0.38372093023255816
115,58,0.5043478260869565
97,55,0.5670103092783505
113,56,0.49557522123893805
92,39,0.42391304347826086
106,46,0.4339622641509434
98,48,0.4897959183673469
93,45,0.4838709677419355
90,58,0.6444444444444445
104,53,0.5096153846153846
106,56,0.5283018867924528
100,49,0.49
80,51,0.6375
89,49,0.550561797752809
88,62,0.7045454545454546
103,60,0.5825242718446602
108,56,0.5185185185185185
90,52,0.5777777777777777
103,42,0.4077669902912621
122,57,0.4672131147540984
99,55,0.5555555555555556
105,51,0.4857142857142857
101,47,0.46534653465346537
102,45,0.4411764705882353
109,60,0.5504587155963303
94,46,0.48936170212765956
113,52,0.46017699115044247
113,63,0.5575221238938053
100,63,0.63
104,45,0.4326923076923077
93,43,0.46236559139784944
88,56,0.6363636363636364
104,47,0.4519230769230769
91,42,0.46153846153846156
94,40,0.425531914893617
98,64,0.6530612244897959
92,39,0.42391304347826086
102,46,0.45098039215686275
122,51,0.4180327868852459
85,31,0.36470588235294116
76,46,0.6052631578947368
90,37,0.4111111111111111
92,47,0.5108695652173914
95,44,0.4631578947368421
96,36,0.375
90,50,0.5555555555555556
98,54,0.5510204081632653
90,49,0.5444444444444444
94,54,0.574468085106383
109,74,0.6788990825688074
81,36,0.4444444444444444
86,38,0.4418604651162791
102,58,0.5686274509803921
86,43,0.5
98,39,0.3979591836734694
108,61,0.5648148148148148
108,48,0.4444444444444444
107,33,0.308411214953271
109,44,0.4036697247706422
81,45,0.5555555555555556
89,40,0.449438202247191
101,63,0.6237623762376238
112,55,0.49107142857142855
103,44,0.42718446601941745
96,56,0.5833333333333334
90,44,0.4888888888888889
83,34,0.40963855421686746
101,43,0.42574257425742573
82,36,0.43902439024390244
101,61,0.6039603960396039
97,47,0.4845360824742268
115,46,0.4
118,64,0.5423728813559322
90,39,0.43333333333333335
119,71,0.5966386554621849
93,43,0.46236559139784944
109,65,0.5963302752293578
111,51,0.4594594594594595
106,46,0.4339622641509434
102,63,0.6176470588235294
108,51,0.4722222222222222
105,58,0.5523809523809524
109,52,0.47706422018348627
107,64,0.5981308411214953
82,38,0.4634146341463415
106,59,0.5566037735849056
92,48,0.5217391304347826
100,49,0.49
106,56,0.5283018867924528
91,37,0.4065934065934066
108,66,0.6111111111111112
117,64,0.5470085470085471
80,47,0.5875
103,40,0.3883495145631068
110,61,0.5545454545454546
96,44,0.4583333333333333
103,54,0.5242718446601942
102,35,0.3431372549019608
92,46,0.5
91,39,0.42857142857142855
92,49,0.532608695652174
99,50,0.5050505050505051
109,43,0.3944954128440367
79,28,0.35443037974683544
100,51,0.51
105,33,0.3142857142857143
98,37,0.37755102040816324
93,45,0.4838709677419355
108,48,0.4444444444444444
110,73,0.6636363636363637
111,48,0.43243243243243246
100,47,0.47
89,49,0.550561797752809
93,43,0.46236559139784944
98,48,0.4897959183673469
102,63,0.6176470588235294
103,51,0.49514563106796117
89,37,0.4157303370786517
85,43,0.5058823529411764
96,49,0.5104166666666666
115,49,0.4260869565217391
106,51,0.4811320754716981
99,49,0.494949494949495
104,58,0.5576923076923077
84,27,0.32142857142857145
106,31,0.29245283018867924
94,50,0.5319148936170213
100,57,0.57
106,54,0.5094339622641509
90,41,0.45555555555555555
101,50,0.49504950495049505
99,46,0.46464646464646464
94,45,0.4787234042553192
100,63,0.63
110,46,0.41818181818181815
84,51,0.6071428571428571
91,38,0.4175824175824176
100,57,0.57
108,51,0.4722222222222222
102,44,0.43137254901960786
87,44,0.5057471264367817
99,56,0.5656565656565656
93,48,0.5161290322580645
89,45,0.5056179775280899
88,42,0.4772727272727273
101,59,0.5841584158415841
113,51,0.45132743362831856
90,42,0.4666666666666667
102,36,0.35294117647058826
103,31,0.30097087378640774
111,53,0.4774774774774775
104,58,0.5576923076923077
90,29,0.32222222222222224
93,35,0.3763440860215054
99,61,0.6161616161616161
114,71,0.6228070175438597
103,41,0.39805825242718446
111,53,0.4774774774774775
100,47,0.47
91,58,0.6373626373626373
94,70,0.7446808510638298
100,40,0.4
97,50,0.5154639175257731
94,38,0.40425531914893614
86,30,0.3488372093023256
108,52,0.48148148148148145
95,61,0.6421052631578947
120,48,0.4
93,45,0.4838709677419355
117,78,0.6666666666666666
106,45,0.42452830188679247
99,52,0.5252525252525253
102,63,0.6176470588235294
90,55,0.6111111111111112
91,51,0.5604395604395604
91,45,0.4945054945054945
96,43,0.4479166666666667
95,46,0.4842105263157895
90,54,0.6
100,68,0.68
89,49,0.550561797752809
101,42,0.4158415841584158
109,58,0.5321100917431193
121,59,0.48760330578512395
94,47,0.5
99,67,0.6767676767676768
115,42,0.3652173913043478
107,58,0.5420560747663551
98,35,0.35714285714285715
102,38,0.37254901960784315
125,73,0.584
84,58,0.6904761904761905
86,45,0.5232558139534884
86,39,0.45348837209302323
113,53,0.4690265486725664
106,44,0.41509433962264153
96,49,0.5104166666666666
99,29,0.29292929292929293
84,26,0.30952380952380953
94,51,0.5425531914893617
95,53,0.5578947368421052
116,51,0.4396551724137931
102,50,0.49019607843137253
104,33,0.3173076923076923
89,50,0.5617977528089888
99,38,0.3838383838383838
97,44,0.4536082474226804
98,51,0.5204081632653061
111,42,0.3783783783783784
83,43,0.5180722891566265
103,53,0.5145631067961165
92,48,0.5217391304347826
77,30,0.38961038961038963
111,65,0.5855855855855856
102,58,0.5686274509803921
103,32,0.3106796116504854
95,53,0.5578947368421052
99,45,0.45454545454545453
94,49,0.5212765957446809
100,57,0.57
106,62,0.5849056603773585
103,56,0.5436893203883495
107,57,0.5327102803738317
96,44,0.4583333333333333
109,48,0.44036697247706424
96,50,0.5208333333333334
93,53,0.5698924731182796
101,59,0.5841584158415841
107,60,0.5607476635514018
94,48,0.5106382978723404
80,49,0.6125
125,46,0.368
84,27,0.32142857142857145
105,61,0.580952380952381
97,43,0.44329896907216493
84,25,0.2976190476190476
94,53,0.5638297872340425
105,54,0.5142857142857142
103,43,0.4174757281553398
105,45,0.42857142857142855
99,51,0.5151515151515151
94,41,0.43617021276595747
109,55,0.5045871559633027
95,47,0.49473684210526314
97,50,0.5154639175257731
107,45,0.4205607476635514
80,51,0.6375
95,44,0.4631578947368421
123,64,0.5203252032520326
103,56,0.5436893203883495
117,49,0.4188034188034188
87,48,0.5517241379310345
86,30,0.3488372093023256
105,48,0.45714285714285713
110,48,0.43636363636363634
100,55,0.55
87,42,0.4827586206896552
112,58,0.5178571428571429
107,54,0.5046728971962616
93,53,0.5698924731182796
100,56,0.56
98,48,0.4897959183673469
99,55,0.5555555555555556
85,53,0.6235294117647059
109,59,0.5412844036697247
82,46,0.5609756097560976
108,63,0.5833333333333334
120,50,0.4166666666666667
112,57,0.5089285714285714
106,47,0.44339622641509435
95,35,0.3684210526315789
94,58,0.6170212765957447
94,48,0.5106382978723404
100,58,0.58
102,55,0.5392156862745098
96,51,0.53125
112,70,0.625
99,57,0.5757575757575758
90,37,0.4111111111111111
99,51,0.5151515151515151
88,39,0.4431818181818182
98,50,0.5102040816326531
106,45,0.42452830188679247
103,67,0.6504854368932039
101,48,0.4752475247524752
101,48,0.4752475247524752
95,33,0.3473684210526316
125,77,0.616
100,56,0.56
101,49,0.48514851485148514
89,41,0.4606741573033708
102,49,0.4803921568627451
94,58,0.6170212765957447
102,46,0.45098039215686275
88,39,0.4431818181818182
91,43,0.4725274725274725
90,43,0.4777777777777778
87,46,0.5287356321839081
101,49,0.48514851485148514
87,47,0.5402298850574713
110,57,0.5181818181818182
100,37,0.37
98,45,0.45918367346938777
108,62,0.5740740740740741
105,48,0.45714285714285713
90,59,0.6555555555555556
101,54,0.5346534653465347
101,37,0.36633663366336633
108,36,0.3333333333333333
98,57,0.5816326530612245
111,59,0.5315315315315315
110,49,0.44545454545454544
110,47,0.42727272727272725
87,56,0.6436781609195402
93,53,0.5698924731182796
94,48,0.5106382978723404
102,34,0.3333333333333333
114,51,0.4473684210526316
100,43,0.43
105,48,0.45714285714285713
117,59,0.5042735042735043
86,48,0.5581395348837209
90,53,0.5888888888888889
101,57,0.5643564356435643
80,61,0.7625
109,55,0.5045871559633027
86,44,0.5116279069767442
106,52,0.49056603773584906
121,59,0.48760330578512395
92,58,0.6304347826086957
100,43,0.43
90,40,0.4444444444444444
97,61,0.6288659793814433
97,37,0.38144329896907214
93,42,0.45161290322580644
104,35,0.33653846153846156
97,33,0.3402061855670103
83,32,0.3855421686746988
105,51,0.4857142857142857
81,44,0.5432098765432098
100,50,0.5
90,44,0.4888888888888889
87,60,0.6896551724137931
103,64,0.6213592233009708
98,64,0.6530612244897959
108,60,0.5555555555555556
103,45,0.4368932038834951
123,77,0.6260162601626016
103,65,0.6310679611650486
100,36,0.36
79,34,0.43037974683544306
98,51,0.5204081632653061
97,50,0.5154639175257731
92,54,0.5869565217391305
95,40,0.42105263157894735
86,47,0.5465116279069767
101,70,0.693069306930693
94,41,0.43617021276595747
91,44,0.4835164835164835
112,59,0.5267857142857143
112,59,0.5267857142857143
101,35,0.3465346534653465
104,55,0.5288461538461539
98,51,0.5204081632653061
101,49,0.48514851485148514
95,62,0.6526315789473685
100,32,0.32
100,65,0.65
109,58,0.5321100917431193
102,47,0.46078431372549017
105,52,0.49523809523809526
122,50,0.4098360655737705
104,43,0.41346153846153844
93,34,0.3655913978494624
99,49,0.494949494949495
82,39,0.47560975609756095
83,47,0.5662650602409639
105,64,0.6095238095238096
101,52,0.5148514851485149
94,59,0.6276595744680851
93,48,0.5161290322580645
100,60,0.6
107,41,0.38317757009345793
97,30,0.30927835051546393
114,61,0.5350877192982456
104,67,0.6442307692307693
91,41,0.45054945054945056
98,62,0.6326530612244898
105,44,0.41904761904761906
108,53,0.49074074074074076
106,47,0.44339622641509435
80,45,0.5625
100,58,0.58
97,49,0.5051546391752577
104,39,0.375
88,44,0.5
71,43,0.6056338028169014
89,51,0.5730337078651685
102,51,0.5
104,65,0.625
110,41,0.37272727272727274
106,34,0.32075471698113206
105,55,0.5238095238095238
91,54,0.5934065934065934
126,54,0.42857142857142855
96,53,0.5520833333333334
91,51,0.5604395604395604
119,46,0.3865546218487395
104,48,0.46153846153846156
102,60,0.5882352941176471
98,38,0.3877551020408163
99,47,0.47474747474747475
92,41,0.44565217391304346
87,42,0.4827586206896552
94,40,0.425531914893617
89,45,0.5056179775280899
90,51,0.5666666666666667
90,50,0.5555555555555556
91,41,0.45054945054945056
96,56,0.5833333333333334
106,61,0.5754716981132075
90,51,0.5666666666666667
107,57,0.5327102803738317
91,38,0.4175824175824176
99,43,0.43434343434343436
105,59,0.5619047619047619
92,54,0.5869565217391305
102,58,0.5686274509803921
120,44,0.36666666666666664
74,42,0.5675675675675675
91,43,0.4725274725274725
103,56,0.5436893203883495
95,44,0.4631578947368421
95,60,0.631578947368421
93,49,0.5268817204301075
95,41,0.43157894736842106
104,48,0.46153846153846156
92,59,0.6413043478260869
108,42,0.3888888888888889
102,49,0.4803921568627451
102,53,0.5196078431372549
114,56,0.49122807017543857
100,61,0.61
110,57,0.5181818181818182
90,44,0.4888888888888889
99,55,0.5555555555555556
89,26,0.29213483146067415
96,47,0.4895833333333333
84,57,0.6785714285714286
124,36,0.2903225806451613
97,35,0.36082474226804123
86,28,0.32558139534883723
93,31,0.3333333333333333
109,43,0.3944954128440367
105,44,0.41904761904761906
107,56,0.5233644859813084
105,53,0.5047619047619047
96,45,0.46875
103,50,0.4854368932038835
93,53,0.5698924731182796
78,46,0.5897435897435898
91,48,0.5274725274725275
80,45,0.5625
89,46,0.5168539325842697
89,45,0.5056179775280899
105,48,0.45714285714285713
100,42,0.42
75,44,0.5866666666666667
95,49,0.5157894736842106
109,66,0.6055045871559633
106,35,0.330188679245283
88,32,0.36363636363636365
82,42,0.5121951219512195
87,44,0.5057471264367817
107,67,0.6261682242990654
93,41,0.44086021505376344
93,48,0.5161290322580645
96,60,0.625
110,58,0.5272727272727272
116,50,0.43103448275862066
113,51,0.45132743362831856
106,59,0.5566037735849056
118,64,0.5423728813559322
103,46,0.44660194174757284
87,42,0.4827586206896552
114,65,0.5701754385964912
97,57,0.5876288659793815
83,50,0.6024096385542169
93,48,0.5161290322580645
86,52,0.6046511627906976
103,60,0.5825242718446602
117,46,0.39316239316239315
85,40,0.47058823529411764
101,58,0.5742574257425742
102,35,0.3431372549019608
108,66,0.6111111111111112
106,50,0.4716981132075472
93,51,0.5483870967741935
104,46,0.4423076923076923
99,42,0.42424242424242425
113,48,0.4247787610619469
102,38,0.37254901960784315
101,46,0.45544554455445546
97,51,0.5257731958762887
92,50,0.5434782608695652
100,57,0.57
101,65,0.6435643564356436
105,66,0.6285714285714286
111,58,0.5225225225225225
109,52,0.47706422018348627
91,48,0.5274725274725275
101,31,0.3069306930693069
89,34,0.38202247191011235
108,68,0.6296296296296297
84,53,0.6309523809523809
101,61,0.6039603960396039
99,43,0.43434343434343436
95,49,0.5157894736842106
78,36,0.46153846153846156
113,58,0.5132743362831859
119,47,0.3949579831932773
87,36,0.41379310344827586
89,46,0.5168539325842697
118,53,0.4491525423728814
103,61,0.5922330097087378
107,40,0.37383177570093457
93,42,0.45161290322580644
109,57,0.5229357798165137
107,48,0.4485981308411215
99,47,0.47474747474747475
109,63,0.5779816513761468
112,56,0.5
98,53,0.5408163265306123
91,50,0.5494505494505495
104,42,0.40384615384615385
99,55,0.5555555555555556
112,57,0.5089285714285714
98,48,0.4897959183673469
106,74,0.6981132075471698
94,49,0.5212765957446809
105,56,0.5333333333333333
102,43,0.4215686274509804
111,56,0.5045045045045045
102,54,0.5294117647058824
129,48,0.37209302325581395
95,45,0.47368421052631576
89,38,0.42696629213483145
115,65,0.5652173913043478
127,57,0.44881889763779526
91,49,0.5384615384615384
96,42,0.4375
110,82,0.7454545454545455
87,36,0.41379310344827586
104,47,0.4519230769230769
92,56,0.6086956521739131
87,37,0.42528735632183906
113,66,0.584070796460177
108,45,0.4166666666666667
92,47,0.5108695652173914
115,59,0.5130434782608696
101,43,0.42574257425742573
111,37,0.3333333333333333
86,39,0.45348837209302323
97,51,0.5257731958762887
97,61,0.6288659793814433
95,38,0.4
103,57,0.5533980582524272
103,71,0.6893203883495146
100,46,0.46
101,62,0.6138613861386139
102,59,0.5784313725490197
102,50,0.49019607843137253
106,57,0.5377358490566038
91,29,0.31868131868131866
84,31,0.36904761904761907
95,35,0.3684210526315789
101,50,0.49504950495049505
112,57,0.5089285714285714
91,51,0.5604395604395604
99,50,0.5050505050505051
99,51,0.5151515151515151
104,62,0.5961538461538461
100,54,0.54
93,41,0.44086021505376344
96,45,0.46875
107,45,0.4205607476635514
91,46,0.5054945054945055
98,57,0.5816326530612245
88,59,0.6704545454545454
95,47,0.49473684210526314
107,52,0.48598130841121495
97,64,0.6597938144329897
103,29,0.2815533980582524
90,33,0.36666666666666664
118,72,0.6101694915254238
113,78,0.6902654867256637
113,44,0.3893805309734513
109,57,0.5229357798165137
108,50,0.46296296296296297
85,59,0.6941176470588235
97,50,0.5154639175257731
110,41,0.37272727272727274
113,38,0.336283185840708
83,58,0.6987951807228916
112,73,0.6517857142857143
112,46,0.4107142857142857
93,63,0.6774193548387096
108,45,0.4166666666666667
94,58,0.6170212765957447
101,55,0.5445544554455446
90,37,0.4111111111111111
116,52,0.4482758620689655
96,53,0.5520833333333334
90,33,0.36666666666666664
89,45,0.5056179775280899
96,50,0.5208333333333334
107,42,0.3925233644859813
102,44,0.43137254901960786
102,61,0.5980392156862745
93,44,0.4731182795698925
85,40,0.47058823529411764
106,51,0.4811320754716981
102,56,0.5490196078431373
109,60,0.5504587155963303
101,42,0.4158415841584158
93,44,0.4731182795698925
92,38,0.41304347826086957
117,60,0.5128205128205128
95,48,0.5052631578947369
117,71,0.6068376068376068
105,58,0.5523809523809524
92,46,0.5
92,53,0.5760869565217391
75,33,0.44
105,42,0.4
97,68,0.7010309278350515
98,52,0.5306122448979592
104,55,0.5288461538461539
84,34,0.40476190476190477
112,60,0.5357142857142857
95,50,0.5263157894736842
100,40,0.4
124,60,0.4838709677419355
108,56,0.5185185185185185
102,64,0.6274509803921569
118,55,0.4661016949152542
100,35,0.35
87,38,0.4367816091954023
104,44,0.4230769230769231
93,58,0.6236559139784946
115,49,0.4260869565217391
107,61,0.5700934579439252
109,57,0.5229357798165137
110,59,0.5363636363636364
113,54,0.4778761061946903
115,43,0.3739130434782609
78,46,0.5897435897435898
112,62,0.5535714285714286
88,46,0.5227272727272727
118,55,0.4661016949152542
91,31,0.34065934065934067
97,53,0.5463917525773195
130,61,0.46923076923076923
99,49,0.494949494949495
99,39,0.3939393939393939
111,62,0.5585585585585585
97,40,0.41237113402061853
100,56,0.56
89,58,0.651685393258427
108,55,0.5092592592592593
98,48,0.4897959183673469
81,40,0.49382716049382713
114,45,0.39473684210526316
106,54,0.5094339622641509
92,33,0.358695652173913
92,36,0.391304347826087
97,53,0.5463917525773195
104,50,0.4807692307692308
100,61,0.61
100,53,0.53
94,30,0.3191489361702128
98,40,0.40816326530612246
94,45,0.4787234042553192
89,39,0.43820224719101125
82,41,0.5
95,52,0.5473684210526316
93,37,0.3978494623655914
89,41,0.4606741573033708
109,64,0.5871559633027523
96,50,0.5208333333333334
104,46,0.4423076923076923
94,47,0.5
112,60,0.5357142857142857
90,42,0.4666666666666667
95,45,0.47368421052631576
91,62,0.6813186813186813
113,65,0.5752212389380531
92,51,0.5543478260869565
90,47,0.5222222222222223
100,47,0.47
112,52,0.4642857142857143
82,24,0.2926829268292683
97,42,0.4329896907216495
84,32,0.38095238095238093
88,46,0.5227272727272727
102,55,0.5392156862745098
112,63,0.5625
92,57,0.6195652173913043
121,62,0.512396694214876
98,60,0.6122448979591837
105,61,0.580952380952381
105,51,0.4857142857142857
89,53,0.5955056179775281
108,56,0.5185185185185185
98,31,0.3163265306122449
111,47,0.42342342342342343
110,53,0.4818181818181818
100,44,0.44
121,71,0.5867768595041323
95,58,0.6105263157894737
96,52,0.5416666666666666
110,74,0.6727272727272727
107,62,0.5794392523364486
85,36,0.4235294117647059
99,51,0.5151515151515151
103,44,0.42718446601941745
120,56,0.4666666666666667
92,37,0.40217391304347827
90,43,0.4777777777777778
112,49,0.4375
109,48,0.44036697247706424
105,61,0.580952380952381
90,42,0.4666666666666667
96,46,0.4791666666666667
111,49,0.44144144144144143
85,33,0.38823529411764707
90,53,0.5888888888888889
104,38,0.36538461538461536
103,34,0.3300970873786408
112,54,0.48214285714285715
104,62,0.5961538461538461
113,50,0.4424778761061947
98,46,0.46938775510204084
90,45,0.5
118,66,0.559322033898305
109,58,0.5321100917431193
97,32,0.32989690721649484
97,46,0.4742268041237113
98,51,0.5204081632653061
95,67,0.7052631578947368
96,46,0.4791666666666667
113,55,0.48672566371681414
110,67,0.6090909090909091
94,59,0.6276595744680851
101,59,0.5841584158415841
97,44,0.4536082474226804
93,48,0.5161290322580645
105,56,0.5333333333333333
90,41,0.45555555555555555
98,51,0.5204081632653061
96,56,0.5833333333333334
94,41,0.43617021276595747
90,36,0.4
94,57,0.6063829787234043
114,69,0.6052631578947368
91,45,0.4945054945054945
86,41,0.47674418604651164
106,42,0.39622641509433965
89,55,0.6179775280898876
95,58,0.6105263157894737
94,45,0.4787234042553192
101,48,0.4752475247524752
111,61,0.5495495495495496
114,69,0.6052631578947368
78,34,0.4358974358974359
97,43,0.44329896907216493
116,62,0.5344827586206896
122,66,0.5409836065573771
109,71,0.6513761467889908
88,42,0.4772727272727273
117,60,0.5128205128205128
98,55,0.5612244897959183
108,60,0.5555555555555556
101,58,0.5742574257425742
92,43,0.4673913043478261
92,63,0.6847826086956522
100,39,0.39
91,44,0.4835164835164835
98,38,0.3877551020408163
87,47,0.5402298850574713
103,50,0.4854368932038835
104,40,0.38461538461538464
102,66,0.6470588235294118
105,52,0.49523809523809526
101,52,0.5148514851485149
96,62,0.6458333333333334
96,46,0.4791666666666667
103,66,0.6407766990291263
107,60,0.5607476635514018
103,52,0.5048543689320388
104,39,0.375
114,49,0.4298245614035088
103,57,0.5533980582524272
89,43,0.48314606741573035
103,62,0.6019417475728155
119,66,0.5546218487394958
97,48,0.4948453608247423
104,43,0.41346153846153844
98,41,0.41836734693877553
101,47,0.46534653465346537
92,51,0.5543478260869565
99,35,0.35353535353535354
93,61,0.6559139784946236
114,74,0.6491228070175439
101,59,0.5841584158415841
82,37,0.45121951219512196
101,48,0.4752475247524752
97,38,0.3917525773195876
88,48,0.5454545454545454
114,54,0.47368421052631576
88,48,0.5454545454545454
87,48,0.5517241379310345
116,55,0.47413793103448276
85,44,0.5176470588235295
93,43,0.46236559139784944
116,65,0.5603448275862069
92,35,0.3804347826086957
112,52,0.4642857142857143
107,51,0.4766355140186916
103,60,0.5825242718446602
94,53,0.5638297872340425
97,57,0.5876288659793815
104,54,0.5192307692307693
107,54,0.5046728971962616
107,53,0.4953271028037383
94,51,0.5425531914893617
102,52,0.5098039215686274
98,52,0.5306122448979592
113,65,0.5752212389380531
110,58,0.5272727272727272
107,68,0.6355140186915887
96,60,0.625
100,50,0.5
92,45,0.4891304347826087
94,49,0.5212765957446809
101,46,0.45544554455445546
98,54,0.5510204081632653
98,53,0.5408163265306123
96,64,0.6666666666666666
117,55,0.4700854700854701
105,52,0.49523809523809526
89,40,0.449438202247191
101,57,0.5643564356435643
116,57,0.49137931034482757
89,49,0.550561797752809
99,40,0.40404040404040403
102,49,0.4803921568627451
117,47,0.4017094017094017
116,71,0.6120689655172413
102,51,0.5
104,58,0.5576923076923077
96,50,0.5208333333333334
94,49,0.5212765957446809
101,52,0.5148514851485149
108,51,0.4722222222222222
99,55,0.5555555555555556
96,56,0.5833333333333334
87,40,0.45977011494252873
89,44,0.4943820224719101
113,50,0.4424778761061947
101,54,0.5346534653465347
99,60,0.6060606060606061
90,31,0.34444444444444444
103,61,0.5922330097087378
110,49,0.44545454545454544
106,40,0.37735849056603776
102,47,0.46078431372549017
102,40,0.39215686274509803
111,50,0.45045045045045046
111,47,0.42342342342342343
109,63,0.5779816513761468
96,45,0.46875
98,43,0.4387755102040816
123,62,0.5040650406504065
84,46,0.5476190476190477
96,27,0.28125
96,45,0.46875
94,45,0.4787234042553192
106,48,0.4528301886792453
88,39,0.4431818181818182
97,52,0.5360824742268041
83,33,0.39759036144578314
113,58,0.5132743362831859
105,62,0.5904761904761905
116,62,0.5344827586206896
86,43,0.5
96,46,0.4791666666666667
98,52,0.5306122448979592
114,61,0.5350877192982456
108,46,0.42592592592592593
104,49,0.47115384615384615
100,43,0.43
106,42,0.39622641509433965
94,52,0.5531914893617021
90,45,0.5
108,53,0.49074074074074076
97,44,0.4536082474226804
104,47,0.4519230769230769
103,66,0.6407766990291263
112,42,0.375
122,56,0.45901639344262296
96,37,0.3854166666666667
95,45,0.47368421052631576
95,45,0.47368421052631576
110,38,0.34545454545454546
101,53,0.5247524752475248
92,50,0.5434782608695652
104,57,0.5480769230769231
104,56,0.5384615384615384
96,52,0.5416666666666666
102,53,0.5196078431372549
78,42,0.5384615384615384
86,54,0.627906976744186
99,58,0.5858585858585859
102,44,0.43137254901960786
95,41,0.43157894736842106
119,64,0.5378151260504201
102,41,0.4019607843137255
100,47,0.47
84,40,0.47619047619047616
109,65,0.5963302752293578
101,58,0.5742574257425742
118,47,0.3983050847457627
83,34,0.40963855421686746
108,69,0.6388888888888888
110,57,0.5181818181818182
115,49,0.4260869565217391
102,50,0.49019607843137253
91,42,0.46153846153846156
94,43,0.4574468085106383
103,66,0.6407766990291263
114,56,0.49122807017543857
101,47,0.46534653465346537
110,56,0.509090909090909
93,56,0.6021505376344086
124,76,0.6129032258064516
101,48,0.4752475247524752
89,58,0.651685393258427
90,41,0.45555555555555555
84,37,0.44047619047619047
87,49,0.5632183908045977
109,63,0.5779816513761468
103,51,0.49514563106796117
100,64,0.64
82,36,0.43902439024390244
91,40,0.43956043956043955
94,41,0.43617021276595747
109,44,0.4036697247706422
109,59,0.5412844036697247
103,53,0.5145631067961165
97,61,0.6288659793814433
119,45,0.37815126050420167
95,57,0.6
99,56,0.5656565656565656
107,60,0.5607476635514018
88,34,0.38636363636363635
108,59,0.5462962962962963
99,56,0.5656565656565656
105,46,0.4380952380952381
89,40,0.449438202247191
87,45,0.5172413793103449
85,44,0.5176470588235295
93,41,0.44086021505376344
95,31,0.3263157894736842
97,50,0.5154639175257731
99,46,0.46464646464646464
90,35,0.3888888888888889
101,41,0.40594059405940597
81,28,0.345679012345679
103,46,0.44660194174757284
104,57,0.5480769230769231
99,38,0.3838383838383838
105,42,0.4
90,44,0.4888888888888889
97,51,0.5257731958762887
107,51,0.4766355140186916
95,43,0.45263157894736844
98,57,0.5816326530612245
118,48,0.4067796610169492
92,45,0.4891304347826087
92,35,0.3804347826086957
87,49,0.5632183908045977
94,61,0.648936170212766
92,41,0.44565217391304346
100,54,0.54
88,41,0.4659090909090909
87,50,0.5747126436781609
113,47,0.415929203539823
101,56,0.5544554455445545
88,43,0.48863636363636365
117,69,0.5897435897435898
89,52,0.5842696629213483
107,57,0.5327102803738317
93,53,0.5698924731182796
98,47,0.47959183673469385
122,73,0.5983606557377049
105,59,0.5619047619047619
100,48,0.48
97,64,0.6597938144329897
107,53,0.4953271028037383
108,60,0.5555555555555556
101,57,0.5643564356435643
93,49,0.5268817204301075
97,52,0.5360824742268041
97,72,0.7422680412371134
113,65,0.5752212389380531
98,50,0.5102040816326531
83,47,0.5662650602409639
96,49,0.5104166666666666
93,44,0.4731182795698925
100,54,0.54
100,45,0.45
121,71,0.5867768595041323
119,42,0.35294117647058826
105,66,0.6285714285714286
120,68,0.5666666666666667
92,37,0.40217391304347827
105,41,0.3904761904761905
110,55,0.5
109,52,0.47706422018348627
115,45,0.391304347826087
89,52,0.5842696629213483
96,54,0.5625
109,54,0.4954128440366973
101,63,0.6237623762376238
91,48,0.5274725274725275
88,38,0.4318181818181818
107,50,0.4672897196261682
106,52,0.49056603773584906
111,59,0.5315315315315315
94,59,0.6276595744680851
115,59,0.5130434782608696
100,39,0.39
89,45,0.5056179775280899
85,43,0.5058823529411764
97,46,0.4742268041237113
92,44,0.4782608695652174
108,57,0.5277777777777778
106,35,0.330188679245283
102,44,0.43137254901960786
104,62,0.5961538461538461
98,50,0.5102040816326531
91,39,0.42857142857142855
98,50,0.5102040816326531
112,60,0.5357142857142857
93,50,0.5376344086021505
93,45,0.4838709677419355
93,51,0.5483870967741935
120,60,0.5
103,60,0.5825242718446602
86,46,0.5348837209302325
90,51,0.5666666666666667
99,47,0.47474747474747475
87,59,0.6781609195402298
107,49,0.45794392523364486
95,37,0.3894736842105263
92,32,0.34782608695652173
107,48,0.4485981308411215
101,42,0.4158415841584158
101,68,0.6732673267326733
118,35,0.2966101694915254
86,54,0.627906976744186
110,69,0.6272727272727273
91,49,0.5384615384615384
94,47,0.5
107,50,0.4672897196261682
96,50,0.5208333333333334
102,57,0.5588235294117647
100,60,0.6
90,43,0.4777777777777778
87,42,0.4827586206896552
94,36,0.3829787234042553
90,49,0.5444444444444444
100,60,0.6
97,41,0.422680412371134
101,39,0.38613861386138615
96,51,0.53125
90,46,0.5111111111111111
82,35,0.4268292682926829
104,52,0.5
89,43,0.48314606741573035
94,52,0.5531914893617021
88,39,0.4431818181818182
94,64,0.6808510638297872
114,59,0.5175438596491229
105,48,0.45714285714285713
89,34,0.38202247191011235
119,77,0.6470588235294118
104,46,0.4423076923076923
96,36,0.375
102,52,0.5098039215686274
96,55,0.5729166666666666
103,50,0.4854368932038835
106,59,0.5566037735849056
106,38,0.3584905660377358
98,51,0.5204081632653061
92,55,0.5978260869565217
87,53,0.6091954022988506
101,71,0.7029702970297029
102,56,0.5490196078431373
83,43,0.5180722891566265
107,63,0.5887850467289719
88,37,0.42045454545454547
94,58,0.6170212765957447
104,61,0.5865384615384616
107,59,0.5514018691588785
103,59,0.5728155339805825
85,33,0.38823529411764707
109,48,0.44036697247706424
107,41,0.38317757009345793
113,58,0.5132743362831859
101,41,0.40594059405940597
93,52,0.5591397849462365
95,64,0.6736842105263158
106,54,0.5094339622641509
100,51,0.51
100,55,0.55
111,49,0.44144144144144143
79,46,0.5822784810126582
110,48,0.43636363636363634
110,51,0.4636363636363636
105,47,0.44761904761904764
108,53,0.49074074074074076
120,73,0.6083333333333333
97,34,0.35051546391752575
106,49,0.46226415094339623
98,53,0.5408163265306123
106,44,0.41509433962264153
101,44,0.43564356435643564
84,51,0.6071428571428571
92,39,0.42391304347826086
103,48,0.46601941747572817
110,58,0.5272727272727272
110,54,0.4909090909090909
83,42,0.5060240963855421
80,34,0.425
91,40,0.43956043956043955
91,46,0.5054945054945055
100,62,0.62
74,30,0.40540540540540543
106,54,0.5094339622641509
86,43,0.5
95,50,0.5263157894736842
90,42,0.4666666666666667
112,57,0.5089285714285714
93,56,0.6021505376344086
111,57,0.5135135135135135
103,58,0.5631067961165048
89,39,0.43820224719101125
118,71,0.6016949152542372
117,50,0.42735042735042733
90,32,0.35555555555555557
94,58,0.6170212765957447
76,30,0.39473684210526316
115,54,0.46956521739130436
105,41,0.3904761904761905
92,59,0.6413043478260869
111,57,0.5135135135135135
98,58,0.5918367346938775
114,32,0.2807017543859649
77,38,0.4935064935064935
108,62,0.5740740740740741
106,56,0.5283018867924528
108,49,0.4537037037037037
92,49,0.532608695652174
96,45,0.46875
91,31,0.34065934065934067
98,51,0.5204081632653061
109,57,0.5229357798165137
93,47,0.5053763440860215
96,47,0.4895833333333333
111,54,0.4864864864864865
91,44,0.4835164835164835
111,45,0.40540540540540543
111,47,0.42342342342342343
107,61,0.5700934579439252
95,61,0.6421052631578947
77,43,0.5584415584415584
86,40,0.46511627906976744
108,60,0.5555555555555556
101,68,0.6732673267326733
105,70,0.6666666666666666
75,45,0.6
100,38,0.38
94,41,0.43617021276595747
98,53,0.5408163265306123
113,54,0.4778761061946903
105,57,0.5428571428571428
102,56,0.5490196078431373
114,58,0.5087719298245614
121,65,0.5371900826446281
96,43,0.4479166666666667
102,42,0.4117647058823529
102,40,0.39215686274509803
102,46,0.45098039215686275
99,40,0.40404040404040403
102,58,0.5686274509803921
97,35,0.36082474226804123
95,44,0.4631578947368421
106,57,0.5377358490566038
93,45,0.4838709677419355
97,40,0.41237113402061853
88,45,0.5113636363636364
98,42,0.42857142857142855
97,52,0.5360824742268041
100,52,0.52
100,28,0.28
102,51,0.5
86,42,0.4883720930232558
97,62,0.6391752577319587
102,54,0.5294117647058824
99,45,0.45454545454545453
105,45,0.42857142857142855
95,70,0.7368421052631579
98,61,0.6224489795918368
103,62,0.6019417475728155
90,51,0.5666666666666667
118,54,0.4576271186440678
100,40,0.4
93,40,0.43010752688172044
102,36,0.35294117647058826
104,47,0.4519230769230769
98,50,0.5102040816326531
102,45,0.4411764705882353
97,56,0.5773195876288659
106,61,0.5754716981132075
93,48,0.5161290322580645
91,37,0.4065934065934066
115,66,0.5739130434782609
107,44,0.411214953271028
94,49,0.5212765957446809
131,80,0.6106870229007634
120,72,0.6
119,38,0.31932773109243695
104,33,0.3173076923076923
90,38,0.4222222222222222
110,56,0.509090909090909
111,44,0.3963963963963964
117,51,0.4358974358974359
104,37,0.3557692307692308
91,52,0.5714285714285714
116,68,0.5862068965517241
110,62,0.5636363636363636
91,42,0.46153846153846156
105,54,0.5142857142857142
105,58,0.5523809523809524
85,43,0.5058823529411764
99,61,0.6161616161616161
102,64,0.6274509803921569
98,56,0.5714285714285714
119,71,0.5966386554621849
103,44,0.42718446601941745
93,43,0.46236559139784944
111,69,0.6216216216216216
99,48,0.48484848484848486
90,38,0.4222222222222222
95,53,0.5578947368421052
91,30,0.32967032967032966
112,59,0.5267857142857143
114,51,0.4473684210526316
105,39,0.37142857142857144
83,41,0.4939759036144578
92,43,0.4673913043478261
101,42,0.4158415841584158
85,33,0.38823529411764707
90,42,0.4666666666666667
107,64,0.5981308411214953
120,76,0.6333333333333333
101,42,0.4158415841584158
99,57,0.5757575757575758
95,30,0.3157894736842105
96,72,0.75
110,51,0.4636363636363636
82,47,0.573170731707317
105,56,0.5333333333333333
97,52,0.5360824742268041
108,35,0.32407407407407407
89,40,0.449438202247191
94,53,0.5638297872340425
85,43,0.5058823529411764
98,51,0.5204081632653061
113,65,0.5752212389380531
89,33,0.3707865168539326
83,32,0.3855421686746988
95,49,0.5157894736842106
96,52,0.5416666666666666
86,33,0.38372093023255816
103,56,0.5436893203883495
105,75,0.7142857142857143
96,52,0.5416666666666666
109,60,0.5504587155963303
93,54,0.5806451612903226
87,38,0.4367816091954023
109,68,0.6238532110091743
90,25,0.2777777777777778
86,34,0.3953488372093023
84,37,0.44047619047619047
109,59,0.5412844036697247
106,49,0.46226415094339623
103,58,0.5631067961165048
97,45,0.4639175257731959
103,66,0.6407766990291263
117,65,0.5555555555555556
101,53,0.5247524752475248
89,44,0.4943820224719101
81,41,0.5061728395061729
114,78,0.6842105263157895
80,46,0.575
104,66,0.6346153846153846
98,40,0.40816326530612246
103,57,0.5533980582524272
98,60,0.6122448979591837
91,44,0.4835164835164835
105,44,0.41904761904761906
105,50,0.47619047619047616
100,46,0.46
90,39,0.43333333333333335
114,60,0.5263157894736842
90,24,0.26666666666666666
109,68,0.6238532110091743
97,47,0.4845360824742268
87,54,0.6206896551724138
112,70,0.625
86,45,0.5232558139534884
81,38,0.4691358024691358
115,60,0.5217391304347826
90,44,0.4888888888888889
108,60,0.5555555555555556
101,43,0.42574257425742573
92,37,0.40217391304347827
103,52,0.5048543689320388
111,41,0.36936936936936937
99,48,0.48484848484848486
89,52,0.5842696629213483
94,58,0.6170212765957447
113,58,0.5132743362831859
87,41,0.47126436781609193
89,40,0.449438202247191
111,61,0.5495495495495496
92,55,0.5978260869565217
102,59,0.5784313725490197
80,47,0.5875
104,45,0.4326923076923077
102,40,0.39215686274509803
101,43,0.42574257425742573
113,59,0.5221238938053098
106,44,0.41509433962264153
104,62,0.5961538461538461
108,49,0.4537037037037037
107,48,0.4485981308411215
112,72,0.6428571428571429
90,42,0.4666666666666667
94,47,0.5
117,76,0.6495726495726496
97,36,0.3711340206185567
109,46,0.42201834862385323
104,64,0.6153846153846154
93,62,0.6666666666666666
87,49,0.5632183908045977
93,50,0.5376344086021505
107,47,0.4392523364485981
104,66,0.6346153846153846
111,39,0.35135135135135137
105,49,0.4666666666666667
98,43,0.4387755102040816
100,54,0.54
102,58,0.5686274509803921
100,61,0.61
96,70,0.7291666666666666
84,57,0.6785714285714286
104,56,0.5384615384615384
93,40,0.43010752688172044
115,50,0.43478260869565216
118,61,0.5169491525423728
81,43,0.5308641975308642
100,51,0.51
100,37,0.37
121,51,0.4214876033057851
103,48,0.46601941747572817
100,41,0.41
115,64,0.5565217391304348
99,47,0.47474747474747475
99,46,0.46464646464646464
91,42,0.46153846153846156
94,51,0.5425531914893617
102,34,0.3333333333333333
96,41,0.4270833333333333
113,60,0.5309734513274337
107,64,0.5981308411214953
113,49,0.4336283185840708
93,60,0.6451612903225806
106,50,0.4716981132075472
93,60,0.6451612903225806
94,55,0.5851063829787234
106,55,0.5188679245283019
111,50,0.45045045045045046
88,58,0.6590909090909091
119,62,0.5210084033613446
116,58,0.5
106,63,0.5943396226415094
108,57,0.5277777777777778
102,51,0.5
131,66,0.5038167938931297
91,41,0.45054945054945056
114,59,0.5175438596491229
102,48,0.47058823529411764
93,40,0.43010752688172044
87,49,0.5632183908045977
108,36,0.3333333333333333
92,37,0.40217391304347827
82,44,0.5365853658536586
82,40,0.4878048780487805
97,40,0.41237113402061853
105,59,0.5619047619047619
110,50,0.45454545454545453
92,54,0.5869565217391305
97,44,0.4536082474226804
104,56,0.5384615384615384
111,51,0.4594594594594595
111,51,0.4594594594594595
113,62,0.5486725663716814
104,65,0.625
87,35,0.40229885057471265
112,54,0.48214285714285715
111,67,0.6036036036036037
107,66,0.616822429906542
102,58,0.5686274509803921
103,45,0.4368932038834951
92,49,0.532608695652174
97,51,0.5257731958762887
87,38,0.4367816091954023
97,49,0.5051546391752577
120,61,0.5083333333333333
102,45,0.4411764705882353
98,59,0.6020408163265306
97,57,0.5876288659793815
99,53,0.5353535353535354
89,42,0.47191011235955055
109,56,0.5137614678899083
105,43,0.4095238095238095
108,46,0.42592592592592593
111,48,0.43243243243243246
107,56,0.5233644859813084
111,54,0.4864864864864865
100,60,0.6
87,47,0.5402298850574713
95,55,0.5789473684210527
85,34,0.4
89,49,0.550561797752809
82,46,0.5609756097560976
112,57,0.5089285714285714
106,45,0.42452830188679247
103,60,0.5825242718446602
97,52,0.5360824742268041
99,46,0.46464646464646464
83,41,0.4939759036144578
109,55,0.5045871559633027
113,59,0.5221238938053098
97,58,0.5979381443298969
106,69,0.6509433962264151
94,48,0.5106382978723404
97,56,0.5773195876288659
98,44,0.4489795918367347
93,46,0.4946236559139785
96,43,0.4479166666666667
97,41,0.422680412371134
102,39,0.38235294117647056
117,47,0.4017094017094017
93,53,0.5698924731182796
102,38,0.37254901960784315
89,41,0.4606741573033708
102,45,0.4411764705882353
107,66,0.616822429906542
84,41,0.4880952380952381
80,40,0.5
104,67,0.6442307692307693
111,45,0.40540540540540543
115,40,0.34782608695652173
107,57,0.5327102803738317
81,50,0.6172839506172839
101,44,0.43564356435643564
106,54,0.5094339622641509
96,47,0.4895833333333333
107,42,0.3925233644859813
98,55,0.5612244897959183
96,56,0.5833333333333334
106,47,0.44339622641509435
104,63,0.6057692307692307
85,46,0.5411764705882353
104,49,0.47115384615384615
108,43,0.39814814814814814
112,71,0.6339285714285714
100,71,0.71
94,40,0.425531914893617
124,44,0.3548387096774194
107,38,0.35514018691588783
92,48,0.5217391304347826
105,49,0.4666666666666667
88,33,0.375
96,41,0.4270833333333333
110,54,0.4909090909090909
89,55,0.6179775280898876
105,58,0.5523809523809524
101,57,0.5643564356435643
109,48,0.44036697247706424
117,62,0.5299145299145299
97,44,0.4536082474226804
98,39,0.3979591836734694
103,59,0.5728155339805825
97,32,0.32989690721649484
103,53,0.5145631067961165
105,64,0.6095238095238096
94,46,0.48936170212765956
107,45,0.4205607476635514
100,44,0.44
85,40,0.47058823529411764
103,51,0.49514563106796117
109,49,0.44954128440366975
98,55,0.5612244897959183
93,44,0.4731182795698925
80,42,0.525
94,39,0.4148936170212766
98,40,0.40816326530612246
113,52,0.46017699115044247
94,49,0.5212765957446809
99,51,0.5151515151515151
101,51,0.504950495049505
102,50,0.49019607843137253
82,42,0.5121951219512195
91,46,0.5054945054945055
105,46,0.4380952380952381
106,63,0.5943396226415094
92,45,0.4891304347826087
112,51,0.45535714285714285
90,46,0.5111111111111111
87,47,0.5402298850574713
124,83,0.6693548387096774
99,42,0.42424242424242425
108,50,0.46296296296296297
115,57,0.4956521739130435
104,61,0.5865384615384616
114,45,0.39473684210526316
85,37,0.43529411764705883
86,45,0.5232558139534884
101,60,0.594059405940594
81,44,0.5432098765432098
105,63,0.6
89,38,0.42696629213483145
89,48,0.5393258426966292
96,50,0.5208333333333334
96,48,0.5
96,38,0.3958333333333333
109,52,0.47706422018348627
119,69,0.5798319327731093
111,68,0.6126126126126126
95,49,0.5157894736842106
87,44,0.5057471264367817
91,66,0.7252747252747253
118,57,0.4830508474576271
85,34,0.4
134,47,0.35074626865671643
89,35,0.39325842696629215
91,57,0.6263736263736264
92,39,0.42391304347826086
97,40,0.41237113402061853
87,46,0.5287356321839081
105,45,0.42857142857142855
103,47,0.4563106796116505
109,47,0.43119266055045874
93,45,0.4838709677419355
107,47,0.4392523364485981
104,51,0.49038461538461536
102,65,0.6372549019607843
87,51,0.5862068965517241
80,35,0.4375
91,58,0.6373626373626373
112,54,0.48214285714285715
97,57,0.5876288659793815
94,50,0.5319148936170213
100,36,0.36
85,50,0.5882352941176471
110,59,0.5363636363636364
99,53,0.5353535353535354
95,56,0.5894736842105263
94,45,0.4787234042553192
110,55,0.5
80,42,0.525
98,49,0.5
117,64,0.5470085470085471
97,38,0.3917525773195876
108,65,0.6018518518518519
112,60,0.5357142857142857
86,42,0.4883720930232558
112,50,0.44642857142857145
84,27,0.32142857142857145
106,60,0.5660377358490566
112,72,0.6428571428571429
105,42,0.4
91,50,0.5494505494505495
81,31,0.38271604938271603
121,49,0.4049586776859504
104,50,0.4807692307692308
100,53,0.53
119,46,0.3865546218487395
101,44,0.43564356435643564
115,59,0.5130434782608696
109,64,0.5871559633027523
105,39,0.37142857142857144
102,46,0.45098039215686275
108,44,0.4074074074074074
112,75,0.6696428571428571
100,52,0.52
107,44,0.411214953271028
94,62,0.6595744680851063
93,45,0.4838709677419355
105,58,0.5523809523809524
86,36,0.4186046511627907
104,53,0.5096153846153846
93,44,0.4731182795698925
85,43,0.5058823529411764
110,48,0.43636363636363634
106,48,0.4528301886792453
116,66,0.5689655172413793
105,61,0.580952380952381
101,55,0.5445544554455446
97,49,0.5051546391752577
104,45,0.4326923076923077
79,34,0.43037974683544306
98,48,0.4897959183673469
98,49,0.5
99,37,0.37373737373737376
107,57,0.5327102803738317
114,67,0.5877192982456141
105,47,0.44761904761904764
103,54,0.5242718446601942
104,68,0.6538461538461539
130,46,0.35384615384615387
103,60,0.5825242718446602
89,41,0.4606741573033708
83,45,0.5421686746987951
103,59,0.5728155339805825
105,59,0.5619047619047619
83,46,0.5542168674698795
99,57,0.5757575757575758
102,43,0.4215686274509804
83,38,0.4578313253012048
102,49,0.4803921568627451
100,57,0.57
101,47,0.46534653465346537
105,38,0.3619047619047619
107,47,0.4392523364485981
94,48,0.5106382978723404
90,51,0.5666666666666667
80,37,0.4625
110,78,0.7090909090909091
126,59,0.46825396825396826
95,46,0.4842105263157895
106,46,0.4339622641509434
85,68,0.8
111,51,0.4594594594594595
79,33,0.4177215189873418
100,36,0.36
108,52,0.48148148148148145
86,45,0.5232558139534884
114,73,0.6403508771929824
100,28,0.28
101,49,0.48514851485148514
96,40,0.4166666666666667
109,72,0.6605504587155964
102,50,0.49019607843137253
96,36,0.375
107,55,0.514018691588785
104,60,0.5769230769230769
99,51,0.5151515151515151
93,41,0.44086021505376344
110,77,0.7
79,36,0.45569620253164556
105,61,0.580952380952381
100,46,0.46
110,51,0.4636363636363636
109,53,0.48623853211009177
109,46,0.42201834862385323
92,47,0.5108695652173914
89,47,0.5280898876404494
89,43,0.48314606741573035
96,33,0.34375
98,50,0.5102040816326531
100,47,0.47
119,63,0.5294117647058824
116,48,0.41379310344827586
104,50,0.4807692307692308
120,69,0.575
121,63,0.5206611570247934
77,36,0.4675324675324675
103,53,0.5145631067961165
99,55,0.5555555555555556
94,27,0.2872340425531915
105,43,0.4095238095238095
116,64,0.5517241379310345
101,57,0.5643564356435643
101,57,0.5643564356435643
109,51,0.46788990825688076
106,57,0.5377358490566038
85,32,0.3764705882352941
101,72,0.7128712871287128
101,64,0.6336633663366337
102,43,0.4215686274509804
77,33,0.42857142857142855
104,65,0.625
106,57,0.5377358490566038
95,48,0.5052631578947369
100,49,0.49
91,59,0.6483516483516484
99,58,0.5858585858585859
102,43,0.4215686274509804
95,27,0.28421052631578947
109,59,0.5412844036697247
101,50,0.49504950495049505
93,60,0.6451612903225806
106,62,0.5849056603773585
107,48,0.4485981308411215
106,58,0.5471698113207547
108,45,0.4166666666666667
95,36,0.37894736842105264
99,46,0.46464646464646464
94,40,0.425531914893617
103,48,0.46601941747572817
89,45,0.5056179775280899
108,54,0.5
86,42,0.4883720930232558
109,75,0.6880733944954128
104,53,0.5096153846153846
97,56,0.5773195876288659
112,37,0.33035714285714285
95,40,0.42105263157894735
120,62,0.5166666666666667
75,33,0.44
104,57,0.5480769230769231
92,39,0.42391304347826086
100,63,0.63
98,60,0.6122448979591837
84,54,0.6428571428571429
105,71,0.6761904761904762
101,60,0.594059405940594
86,40,0.46511627906976744
93,54,0.5806451612903226
119,56,0.47058823529411764
102,42,0.4117647058823529
102,8,0.0784313725490196
104,4,0.038461538461538464
95,10,0.10526315789473684
87,20,0.22988505747126436
108,3,0.027777777777777776
94,14,0.14893617021276595
81,10,0.12345679012345678
88,3,0.03409090909090909
96,1,0.010416666666666666
100,5,0.05
99,14,0.1414141414141414
102,32,0.3137254901960784
93,12,0.12903225806451613
90,4,0.044444444444444446
93,8,0.08602150537634409
96,10,0.10416666666666667
104,8,0.07692307692307693
117,19,0.1623931623931624
100,4,0.04
114,13,0.11403508771929824
95,6,0.06315789473684211
96,4,0.041666666666666664
110,4,0.03636363636363636
106,4,0.03773584905660377
108,14,0.12962962962962962
104,7,0.0673076923076923
98,1,0.01020408163265306
125,6,0.048
106,1,0.009433962264150943
92,8,0.08695652173913043
98,4,0.04081632653061224
90,12,0.13333333333333333
67,5,0.07462686567164178
99,1,0.010101010101010102
102,6,0.058823529411764705
87,4,0.04597701149425287
113,1,0.008849557522123894
100,2,0.02
105,6,0.05714285714285714
112,1,0.008928571428571428
85,6,0.07058823529411765
111,4,0.036036036036036036
107,17,0.1588785046728972
107,6,0.056074766355140186
95,20,0.21052631578947367
115,11,0.09565217391304348
84,12,0.14285714285714285
109,6,0.05504587155963303
99,11,0.1111111111111111
84,6,0.07142857142857142
95,14,0.14736842105263157
104,4,0.038461538461538464
97,4,0.041237113402061855
97,15,0.15463917525773196
98,3,0.030612244897959183
102,1,0.00980392156862745
117,7,0.05982905982905983
111,15,0.13513513513513514
95,12,0.12631578947368421
114,11,0.09649122807017543
88,4,0.045454545454545456
104,3,0.028846153846153848
88,2,0.022727272727272728
89,11,0.12359550561797752
99,13,0.13131313131313133
88,11,0.125
92,8,0.08695652173913043
91,11,0.12087912087912088
98,1,0.01020408163265306
94,2,0.02127659574468085
83,5,0.060240963855421686
94,2,0.02127659574468085
78,9,0.11538461538461539
88,0,0.0
120,8,0.06666666666666667
102,8,0.0784313725490196
111,24,0.21621621621621623
109,10,0.09174311926605505
88,24,0.2727272727272727
118,35,0.2966101694915254
97,18,0.18556701030927836
89,14,0.15730337078651685
104,21,0.20192307692307693
85,11,0.12941176470588237
97,26,0.26804123711340205
83,7,0.08433734939759036
104,16,0.15384615384615385
109,33,0.30275229357798167
102,14,0.13725490196078433
92,17,0.18478260869565216
93,27,0.2903225806451613
103,45,0.4368932038834951
98,18,0.1836734693877551
89,30,0.33707865168539325
107,8,0.07476635514018691
83,9,0.10843373493975904
103,14,0.13592233009708737
92,17,0.18478260869565216
101,22,0.21782178217821782
103,16,0.1553398058252427
101,7,0.06930693069306931
88,2,0.022727272727272728
106,11,0.10377358490566038
90,21,0.23333333333333334
115,15,0.13043478260869565
93,17,0.1827956989247312
112,28,0.25
107,11,0.102803738317757
105,29,0.2761904761904762
100,17,0.17
95,18,0.18947368421052632
103,10,0.0970873786407767
106,16,0.1509433962264151
92,12,0.13043478260869565
114,30,0.2631578947368421
100,19,0.19
104,29,0.27884615384615385
90,12,0.13333333333333333
111,8,0.07207207207207207
100,5,0.05
100,7,0.07
107,5,0.04672897196261682
115,5,0.043478260869565216
107,4,0.037383177570093455
111,6,0.05405405405405406
95,6,0.06315789473684211
102,0,0.0
95,1,0.010526315789473684
108,16,0.14814814814814814
99,9,0.09090909090909091
109,6,0.05504587155963303
106,8,0.07547169811320754
78,4,0.05128205128205128
103,2,0.019417475728155338
83,6,0.07228915662650602
102,4,0.0392156862745098
84,4,0.047619047619047616
94,9,0.09574468085106383
103,11,0.10679611650485436
92,3,0.03260869565217391
86,6,0.06976744186046512
102,12,0.11764705882352941
91,10,0.10989010989010989
110,11,0.1
108,7,0.06481481481481481
120,19,0.15833333333333333
87,1,0.011494252873563218
114,10,0.08771929824561403
106,17,0.16037735849056603
115,7,0.06086956521739131
95,8,0.08421052631578947
94,11,0.11702127659574468
89,8,0.0898876404494382
108,14,0.12962962962962962
97,16,0.16494845360824742
98,11,0.11224489795918367
106,2,0.018867924528301886
101,10,0.09900990099009901
116,4,0.034482758620689655
104,3,0.028846153846153848
89,10,0.11235955056179775
89,1,0.011235955056179775
91,1,0.01098901098901099
86,5,0.05813953488372093
92,4,0.043478260869565216
108,4,0.037037037037037035
99,4,0.04040404040404041
110,11,0.1
96,7,0.07291666666666667
101,3,0.0297029702970297
100,13,0.13
102,13,0.12745098039215685
103,1,0.009708737864077669
121,19,0.15702479338842976
96,19,0.19791666666666666
104,19,0.18269230769230768
104,22,0.21153846153846154
105,27,0.2571428571428571
108,35,0.32407407407407407
99,8,0.08080808080808081
107,20,0.18691588785046728
113,30,0.26548672566371684
103,18,0.17475728155339806
87,14,0.16091954022988506
99,15,0.15151515151515152
102,24,0.23529411764705882
97,18,0.18556701030927836
114,35,0.30701754385964913
109,17,0.1559633027522936
100,13,0.13
107,12,0.11214953271028037
91,12,0.13186813186813187
102,27,0.2647058823529412
110,16,0.14545454545454545
93,15,0.16129032258064516
103,25,0.24271844660194175
96,14,0.14583333333333334
103,25,0.24271844660194175
97,16,0.16494845360824742
98,22,0.22448979591836735
109,20,0.1834862385321101
97,16,0.16494845360824742
95,21,0.22105263157894736
104,30,0.28846153846153844
86,29,0.3372093023255814
106,20,0.18867924528301888
88,27,0.3068181818181818
89,20,0.2247191011235955
102,17,0.16666666666666666
96,17,0.17708333333333334
86,19,0.22093023255813954
116,13,0.11206896551724138
110,32,0.2909090909090909
103,21,0.20388349514563106
125,27,0.216
109,20,0.1834862385321101
106,32,0.3018867924528302
96,23,0.23958333333333334
90,17,0.18888888888888888
91,16,0.17582417582417584
98,11,0.11224489795918367
96,22,0.22916666666666666
80,26,0.325
91,10,0.10989010989010989
92,12,0.13043478260869565
105,9,0.08571428571428572
109,21,0.1926605504587156
101,4,0.039603960396039604
104,3,0.028846153846153848
100,11,0.11
100,10,0.1
88,13,0.14772727272727273
104,7,0.0673076923076923
102,13,0.12745098039215685
82,4,0.04878048780487805
89,12,0.1348314606741573
104,9,0.08653846153846154
79,12,0.1518987341772152
88,6,0.06818181818181818
95,17,0.17894736842105263
97,7,0.07216494845360824
110,7,0.06363636363636363
99,3,0.030303030303030304
108,10,0.09259259259259259
114,23,0.20175438596491227
117,6,0.05128205128205128
97,12,0.12371134020618557
119,6,0.05042016806722689
108,17,0.1574074074074074
98,10,0.10204081632653061
100,21,0.21
118,23,0.19491525423728814
93,18,0.1935483870967742
75,18,0.24
82,13,0.15853658536585366
111,15,0.13513513513513514
99,21,0.21212121212121213
96,17,0.17708333333333334
102,14,0.13725490196078433
97,16,0.16494845360824742
98,23,0.23469387755102042
108,26,0.24074074074074073
93,18,0.1935483870967742
92,21,0.22826086956521738
96,14,0.14583333333333334
92,22,0.2391304347826087
99,9,0.09090909090909091
112,26,0.23214285714285715
97,12,0.12371134020618557
97,17,0.17525773195876287
100,20,0.2
99,26,0.26262626262626265
104,18,0.17307692307692307
103,32,0.3106796116504854
104,31,0.2980769230769231
95,17,0.17894736842105263
112,22,0.19642857142857142
89,19,0.21348314606741572
100,20,0.2
105,15,0.14285714285714285
95,10,0.10526315789473684
90,16,0.17777777777777778
112,22,0.19642857142857142
88,13,0.14772727272727273
98,5,0.05102040816326531
99,3,0.030303030303030304
106,8,0.07547169811320754
97,6,0.061855670103092786
95,7,0.07368421052631578
96,1,0.010416666666666666
113,5,0.04424778761061947
101,6,0.0594059405940594
107,4,0.037383177570093455
103,7,0.06796116504854369
95,6,0.06315789473684211
120,6,0.05
100,2,0.02
101,6,0.0594059405940594
85,2,0.023529411764705882
91,3,0.03296703296703297
104,0,0.0
104,2,0.019230769230769232
107,4,0.037383177570093455
83,4,0.04819277108433735
104,10,0.09615384615384616
94,6,0.06382978723404255
89,12,0.1348314606741573
87,17,0.19540229885057472
117,3,0.02564102564102564
101,32,0.31683168316831684
103,40,0.3883495145631068
104,36,0.34615384615384615
88,32,0.36363636363636365
98,25,0.25510204081632654
96,42,0.4375
95,27,0.28421052631578947
93,36,0.3870967741935484
112,31,0.2767857142857143
103,29,0.2815533980582524
102,33,0.3235294117647059
97,28,0.28865979381443296
99,26,0.26262626262626265
130,36,0.27692307692307694
80,24,0.3
114,40,0.3508771929824561
90,38,0.4222222222222222
84,19,0.2261904761904762
103,19,0.18446601941747573
100,33,0.33
108,39,0.3611111111111111
90,30,0.3333333333333333
114,32,0.2807017543859649
106,34,0.32075471698113206
95,24,0.25263157894736843
98,29,0.29591836734693877
118,38,0.3220338983050847
83,23,0.27710843373493976
100,13,0.13
98,11,0.11224489795918367
117,5,0.042735042735042736
89,5,0.056179775280898875
96,9,0.09375
110,2,0.01818181818181818
122,14,0.11475409836065574
90,7,0.07777777777777778
90,10,0.1111111111111111
86,14,0.16279069767441862
91,15,0.16483516483516483
82,8,0.0975609756097561
103,2,0.019417475728155338
97,6,0.061855670103092786
92,11,0.11956521739130435
101,13,0.12871287128712872
106,3,0.02830188679245283
98,5,0.05102040816326531
88,8,0.09090909090909091
98,8,0.08163265306122448
91,9,0.0989010989010989
101,5,0.04950495049504951
94,5,0.05319148936170213
109,9,0.08256880733944955
91,11,0.12087912087912088
90,5,0.05555555555555555
106,6,0.05660377358490566
117,7,0.05982905982905983
95,8,0.08421052631578947
89,10,0.11235955056179775
109,21,0.1926605504587156
91,13,0.14285714285714285
105,17,0.1619047619047619
107,27,0.2523364485981308
81,10,0.12345679012345678
111,7,0.06306306306306306
109,12,0.11009174311926606
85,7,0.08235294117647059
115,4,0.034782608695652174
90,3,0.03333333333333333
101,5,0.04950495049504951
109,7,0.06422018348623854
96,6,0.0625
103,5,0.04854368932038835
106,12,0.11320754716981132
91,7,0.07692307692307693
106,2,0.018867924528301886
96,4,0.041666666666666664
91,5,0.054945054945054944
90,5,0.05555555555555555
97,6,0.061855670103092786
101,11,0.10891089108910891
92,9,0.09782608695652174
88,4,0.045454545454545456
101,5,0.04950495049504951
85,4,0.047058823529411764
107,4,0.037383177570093455
95,8,0.08421052631578947
112,10,0.08928571428571429
105,6,0.05714285714285714
105,0,0.0
91,10,0.10989010989010989
83,3,0.03614457831325301
88,1,0.011363636363636364
87,2,0.022988505747126436
98,6,0.061224489795918366
98,8,0.08163265306122448
86,4,0.046511627906976744
98,8,0.08163265306122448
106,14,0.1320754716981132
103,3,0.02912621359223301
94,6,0.06382978723404255
81,3,0.037037037037037035
106,8,0.07547169811320754
116,16,0.13793103448275862
80,7,0.0875
94,4,0.0425531914893617
110,5,0.045454545454545456
86,3,0.03488372093023256
94,11,0.11702127659574468
111,5,0.04504504504504504
98,4,0.04081632653061224
111,7,0.06306306306306306
113,5,0.04424778761061947
115,12,0.10434782608695652
106,10,0.09433962264150944
88,11,0.125
108,13,0.12037037037037036
111,4,0.036036036036036036
74,2,0.02702702702702703
88,7,0.07954545454545454
89,9,0.10112359550561797
122,7,0.05737704918032787
131,6,0.04580152671755725
106,1,0.009433962264150943
110,13,0.11818181818181818
89,9,0.10112359550561797
100,19,0.19
93,7,0.07526881720430108
96,6,0.0625
107,3,0.028037383177570093
95,7,0.07368421052631578
108,3,0.027777777777777776
95,2,0.021052631578947368
126,20,0.15873015873015872
87,10,0.11494252873563218
92,6,0.06521739130434782
91,6,0.06593406593406594
106,4,0.03773584905660377
105,15,0.14285714285714285
96,3,0.03125
101,12,0.1188118811881188
109,2,0.01834862385321101
100,2,0.02
83,5,0.060240963855421686
91,5,0.054945054945054944
104,6,0.057692307692307696
92,8,0.08695652173913043
101,7,0.06930693069306931
91,5,0.054945054945054944
107,7,0.06542056074766354
82,6,0.07317073170731707
101,7,0.06930693069306931
75,3,0.04
91,3,0.03296703296703297
89,2,0.02247191011235955
93,2,0.021505376344086023
93,8,0.08602150537634409
99,12,0.12121212121212122
98,3,0.030612244897959183
107,13,0.12149532710280374
95,14,0.14736842105263157
87,2,0.022988505747126436
122,10,0.08196721311475409
95,7,0.07368421052631578
97,5,0.05154639175257732
100,8,0.08
104,24,0.23076923076923078
95,14,0.14736842105263157
108,9,0.08333333333333333
103,8,0.07766990291262135
117,19,0.1623931623931624
89,5,0.056179775280898875
89,0,0.0
98,8,0.08163265306122448
96,11,0.11458333333333333
115,9,0.0782608695652174
92,3,0.03260869565217391
108,10,0.09259259259259259
95,5,0.05263157894736842
103,33,0.32038834951456313
114,18,0.15789473684210525
106,25,0.2358490566037736
89,30,0.33707865168539325
91,15,0.16483516483516483
96,12,0.125
95,24,0.25263157894736843
108,15,0.1388888888888889
114,8,0.07017543859649122
107,28,0.2616822429906542
85,21,0.24705882352941178
102,23,0.22549019607843138
101,29,0.2871287128712871
85,12,0.1411764705882353
102,21,0.20588235294117646
99,19,0.1919191919191919
112,11,0.09821428571428571
99,4,0.04040404040404041
114,17,0.14912280701754385
98,11,0.11224489795918367
109,7,0.06422018348623854
98,4,0.04081632653061224
92,9,0.09782608695652174
77,6,0.07792207792207792
83,4,0.04819277108433735
88,10,0.11363636363636363
103,7,0.06796116504854369
102,12,0.11764705882352941
82,6,0.07317073170731707
109,5,0.045871559633027525
100,9,0.09
101,12,0.1188118811881188
113,9,0.07964601769911504
109,7,0.06422018348623854
113,7,0.061946902654867256
94,3,0.031914893617021274
98,8,0.08163265306122448
95,18,0.18947368421052632
97,4,0.041237113402061855
91,13,0.14285714285714285
97,13,0.13402061855670103
108,16,0.14814814814814814
101,28,0.27722772277227725
110,18,0.16363636363636364
100,8,0.08
108,14,0.12962962962962962
96,10,0.10416666666666667
93,11,0.11827956989247312
